﻿<!--
This is your sample dynamic user configuration.  Use this to override per user
elements within your sequenced package.  The document is pre-filled with data from your sequenced package.
Customize the document to fit your needs before publishing with your package.
-->
<UserConfiguration PackageId="6e91e68f-ae9f-499b-bdb3-8632d0f26239" DisplayName="IgorPavlov_7-Zip_19.00_x64_R01" IgnorableNamespaces="" xmlns="http://schemas.microsoft.com/appv/2010/userconfiguration">
  <Subsystems>
    <!--OVERRIDE BEHAVIOR OF MANIFEST AND CONFIGURATION FILES 
  Integration Subsystems can be enabled and disabled independently of the content.
  Thus if Shortcuts are enabled, The client will use the shortcuts contained within
  the manifest by default.
		
  Each Integration Subsystem can contain an <Extensions /> node. If this child element
  is present, the client will ignore the content in the Manifest file for that subsystem
  and only use the content in the configuration file.
		
  e.g. for the shortcuts subsystem, 
  (A)
  if the user defined this in either the dynamic or deployment config file: 		
	  <Shortcuts  Enabled="true">
		  <Extensions>
			  ...
		  </Extensions>
	  </Shortcuts>
		
  Content in the manifest will be ignored.
		
  (B)
  IF the user defined only this: 		
	  <Shortcuts  Enabled="true"/>
  Then the content in the Manifest will be integrated during publishing.
		
  (C)
  note that if the user defines this:
	  <Shortcuts  Enabled="true">
		  <Extensions/>
	  </Shortcuts>
		
  Then all the Shortcuts within the manifest will still be ignored.
  There will be no shortcuts integrated.-->
    <!--
      
      Shortcuts
      
      -->
    <Shortcuts Enabled="true">
      <Extensions>
        <Extension Category="AppV.Shortcut">
          <Shortcut>
            <File>[{Common Programs}]\7-Zip\7-Zip File Manager.lnk</File>
            <Target>[{ProgramFilesX64}]\7-Zip\7zFM.exe</Target>
            <Icon>[{ProgramFilesX64}]\7-Zip\7zFM.exe.0.ico</Icon>
            <Arguments />
            <WorkingDirectory />
            <ShowCommand>1</ShowCommand>
            <ApplicationId>[{ProgramFilesX64}]\7-Zip\7zFM.exe</ApplicationId>
          </Shortcut>
        </Extension>
        <Extension Category="AppV.Shortcut">
          <Shortcut>
            <File>[{Common Programs}]\7-Zip\7-Zip Help.lnk</File>
            <Target>[{ProgramFilesX64}]\7-Zip\7-zip.chm</Target>
            <Icon />
            <Arguments />
            <WorkingDirectory />
            <ShowCommand>1</ShowCommand>
          </Shortcut>
        </Extension>
      </Extensions>
    </Shortcuts>
    <!--
      
      File Type Associations      
      
      -->
    <FileTypeAssociations Enabled="true">
      <!--
              
          <Extensions>
            <Extension Category="AppV.FileTypeAssociation">
              <FileTypeAssociation>
                <FileExtension MimeAssociation="true">
                  <Name>.docm</Name> 
                  <ProgId>contosowordpad.DocumentMacroEnabled.12</ProgId> 
                  <PerceivedType>document</PerceivedType> 
                  <ContentType>application/vnd.ms-contosowordpad.document.macroEnabled.12</ContentType> 
                  <OpenWithList>
                    <ApplicationName>wincontosowordpad.exe</ApplicationName> 
                  </OpenWithList>
                  <OpenWithProgIds>
                    <ProgId>contosowordpad.8</ProgId> 
                  </OpenWithProgIds>
                  <ShellNew>
                    <Command /> 
                    <DataBinary /> 
                    <DataText /> 
                    <FileName /> 
                    <NullFile>true</NullFile> 
                    <ItemName /> 
                    <IconPath /> 
                    <MenuText /> 
                    <Handler /> 
                  </ShellNew>
                </FileExtension>
                <ProgId>
                  <Name>contosowordpad.DocumentMacroEnabled.12</Name> 
                  <DefaultIcon>[{Windows}]\Installer\{90140000-0011-0000-0000-0000000FF1CE}\contosowordpadicon.exe,15</DefaultIcon> 
                  <Description>Blah Blah Blah</Description> 
                  <FriendlyTypeName>[{ProgramFilesX86}]\Microsoft Contoso 14\res.dll,9182</FriendlyTypeName> 
                  <InfoTip>[{ProgramFilesX86}]\Microsoft Contoso 14\res.dll,1424</InfoTip> 
                  <EditFlags>0</EditFlags> 
                  <ShellCommands>
                    <DefaultCommand>Open</DefaultCommand> 
                    <ShellCommand>
                      <ApplicationId>[{AppVPackageRoot}]\Contoso\WINcontosowordpad.EXE</ApplicationId> 
                      <Name>Edit</Name> 
                      <FriendlyName>&Edit</FriendlyName> 
                      <CommandLine>"[{AppVPackageRoot}]\Contoso\WINcontosowordpad.EXE" /vu "%1"</CommandLine> 
                    </ShellCommand>
                    <ShellCommand>
                      <ApplicationId>[{AppVPackageRoot}]\Contoso\WINcontosowordpad.EXE</ApplicationId> 
                      <Name>New</Name> 
                      <FriendlyName>&New</FriendlyName> 
                      <CommandLine>"[{AppVPackageRoot}]\Contoso\WINcontosowordpad.EXE" /n /f "%1"</CommandLine> 
                    </ShellCommand>
                    <ShellCommand>
                      <ApplicationId>[{AppVPackageRoot}]\Contoso\WINcontosowordpad.EXE</ApplicationId> 
                      <Name>OnenotePrintto</Name> 
                      <FriendlyName>&Print</FriendlyName> 
                      <CommandLine>"[{AppVPackageRoot}]\Contoso\WINcontosowordpad.EXE" /j "%1" "%2"</CommandLine> 
                      <Extended>1</Extended> 
                    </ShellCommand>
                    <ShellCommand>
                      <ApplicationId>[{AppVPackageRoot}]\Contoso\WINcontosowordpad.EXE</ApplicationId> 
                      <Name>Open</Name> 
                      <FriendlyName>&Open</FriendlyName> 
                      <CommandLine>"[{AppVPackageRoot}]\Contoso\WINcontosowordpad.EXE" /n "%1"</CommandLine> 
                      <DropTargetClassId /> 
                      <DdeExec>
                        <Application>mscontosowordpad</Application> 
                        <Topic>ShellSystem</Topic> 
                        <IfExec>[SHELLNOOP]</IfExec> 
                        <DdeCommand>[SetForeground][ShellNewDatabase "%1"]</DdeCommand> 
                      </DdeExec>
                    </ShellCommand>
                    <ShellCommand>
                      <ApplicationId>[{AppVPackageRoot}]\Contoso\WINcontosowordpad.EXE</ApplicationId> 
                      <Name>OpenAsReadOnly</Name> 
                      <FriendlyName>Open as Read-Only</FriendlyName> 
                      <CommandLine>"[{AppVPackageRoot}]\Contoso\WINcontosowordpad.EXE" /h /n "%1"</CommandLine> 
                      <Extended>1</Extended> 
                    </ShellCommand>
                    <ShellCommand>
                      <ApplicationId>[{AppVPackageRoot}]\Contoso\WINcontosowordpad.EXE</ApplicationId> 
                      <Name>Print</Name> 
                      <FriendlyName>&Print</FriendlyName> 
                      <CommandLine>"[{AppVPackageRoot}]\Contoso\WINcontosowordpad.EXE" /i "%1"</CommandLine> 
                    </ShellCommand>
                    <ShellCommand>
                      <ApplicationId>[{AppVPackageRoot}]\Contoso\WINcontosowordpad.EXE</ApplicationId> 
                      <Name>Printto</Name> 
                      <CommandLine>"[{AppVPackageRoot}]\Contoso\WINcontosowordpad.EXE" /j "%1" "%2"</CommandLine> 
                    </ShellCommand>
                    <ShellCommand>
                      <ApplicationId>[{AppVPackageRoot}]\Contoso\WINcontosowordpad.EXE</ApplicationId> 
                      <Name>ViewProtected</Name> 
                      <FriendlyName>Open in Protected &View</FriendlyName> 
                      <CommandLine>"[{AppVPackageRoot}]\Contoso\WINcontosowordpad.EXE" /vp "%1"</CommandLine> 
                      <Extended>1</Extended> 
                    </ShellCommand>
                    <ShellCommand>
                      <ApplicationId>Microsoft.Contoso.contosowordpad.2010</ApplicationId> 
                      <Name>OldContosoCommand</Name> 
                      <FriendlyName>Legacy Command Example View</FriendlyName> 
                      <CommandLine>"[{AppVPackageRoot}]\Contoso\WINcontosowordpad.EXE" /lc "%1"</CommandLine> 
                      <Extended>1</Extended> 
                      <LegacyDisable>1</LegacyDisable> 
                      <SuppressionPolicy>2</SuppressionPolicy> 
                    </ShellCommand>
                  </ShellCommands>
                </ProgId>
              </FileTypeAssociation>
            </Extension>
          </Extensions>
              
            -->
    </FileTypeAssociations>
    <!--
      
      URL Protocols
      
      -->
    <URLProtocols Enabled="true">
      <!--
              
          <Extensions>
            <Extension Category="AppV.URLProtocol">
              <URLProtocol>
                <Name>mailto</Name> 
                <ApplicationURLProtocol>
                  <DefaultIcon>[{ProgramFilesX86}]\Microsoft Contoso\Contoso\contosomail.EXE,-9403</DefaultIcon> 
                  <EditFlags>2</EditFlags> 
                  <Description /> 
                  <AppUserModelId /> 
                  <FriendlyTypeName /> 
                  <InfoTip /> 
                  <SourceFilter /> 
                  <ShellFolder /> 
                  <WebNavigableCLSID /> 
                  <ExplorerFlags>2</ExplorerFlags> 
                  <CLSID /> 
                  <ShellCommands>
                    <DefaultCommand>open</DefaultCommand> 
                    <ShellCommand>
                      <ApplicationId>[{ProgramFilesX86}]\Microsoft Contoso\Contoso\contosomail.EXE</ApplicationId> 
                      <Name>open</Name> 
                      <CommandLine>[{ProgramFilesX86}\Microsoft Contoso\Contoso\contosomail.EXE" -c OEP.Note /m "%1"</CommandLine> 
                      <DropTargetClassId /> 
                      <FriendlyName /> 
                      <Extended>0</Extended> 
                      <LegacyDisable>0</LegacyDisable> 
                      <SuppressionPolicy>2</SuppressionPolicy> 
                      <DdeExec>
                        <NoActivateHandler /> 
                        <Application>contosomail</Application> 
                        <Topic>ShellSystem</Topic> 
                        <IfExec>[SHELLNOOP]</IfExec> 
                        <DdeCommand>[SetForeground][ShellNewDatabase "%1"]</DdeCommand> 
                      </DdeExec>
                    </ShellCommand>
                  </ShellCommands>
                </ApplicationURLProtocol>
              </URLProtocol>
            </Extension>
          </Extensions>
              
            -->
    </URLProtocols>
    <!--
      
      App Paths
      
      -->
    <AppPaths Enabled="true">
      <Extensions>
        <Extension Category="AppV.AppPath">
          <AppPath>
            <Name>7zFM.exe</Name>
            <ApplicationPath>[{ProgramFilesX64}]\7-Zip\7zFM.exe</ApplicationPath>
            <PATHEnvironmentVariablePrefix>[{ProgramFilesX64}]\7-Zip\</PATHEnvironmentVariablePrefix>
            <ApplicationId>[{ProgramFilesX64}]\7-Zip\7zFM.exe</ApplicationId>
          </AppPath>
        </Extension>
      </Extensions>
    </AppPaths>
    <!--
      
      COM
      
      -->
    <COM Mode="Isolated">
      <IntegratedCOMAttributes OutOfProcessEnabled="true" InProcessEnabled="false" />
    </COM>
    <!--
      
      Objects
      
      -->
    <Objects Enabled="true" />
    <!--
      
      Virtual Registry
      
      -->
    <Registry Enabled="true">
      <!--
          
          <Include>
            <Key Path="\REGISTRY\USER\[{AppVCurrentUserSID}]\Software\Foo">
              <Value Type="REG_SZ" Name="Bar" Data="NewValue"/>
            </Key>
            <Key Path="\REGISTRY\USER\[{AppVCurrentUserSID}]\Software\EmptyKey"/>
          </Include>
          
        -->
      <!--
          
          <Delete>
            <Key Path="\REGISTRY\USER\[{AppVCurrentUserSID}]\Software\Foo\BarDelete"/>
          </Delete>
          
        -->
    </Registry>
    <!--
      
      Virtual File System
      
      -->
    <FileSystem Enabled="true" />
    <!--
      
      Fonts
      
      -->
    <Fonts Enabled="true" />
    <!--
      
      Environment Variables
      
      -->
    <EnvironmentVariables Enabled="true" />
    <!--
      
      Services
      
      -->
    <Services Enabled="true" />
  </Subsystems>
  <!--
      
    Applications
      
    -->
  <Applications>
    <Application Id="[{ProgramFilesX64}]\7-Zip\7zFM.exe" Enabled="true">
      <VisualElements>
        <Name>7-Zip File Manager</Name>
        <Icon />
        <Description />
      </VisualElements>
    </Application>
  </Applications>
  <!-- User Scripts Example - customize and uncomment to use user scripts -->
  <!--
      
    <UserScripts>
      <StartProcess RunInVirtualEnvironment="true">
        <Path>VFS\ProgramFilesX86\App\dosomething.exe</Path>
        <Arguments>-WithArgs</Arguments>
        <Wait RollbackOnError="true"/>
        <ApplicationId>[{AppVPackageRoot}]\Contoso\ContosoApp.EXE</ApplicationId>
      </StartProcess>
      <ExitProcess>
        <Path>VFS\ProgramFilesX86\App\UnDoSomething.exe</Path>
        <Arguments>-WithArgs</Arguments>
        <Wait RollbackOnError="false"/>
        <ApplicationId>[{AppVPackageRoot}]\Contoso\ContosoApp.EXE</ApplicationId>
      </ExitProcess>
      
      <StartVirtualEnvironment  RunInVirtualEnvironment="true">
        <Path>[{AppVPackageRoot}]\VFS\ProgramFilesX86\App\DoSomething.exe</Path>
        <Arguments>-WithArgs</Arguments>
        <Wait RollbackOnError="true"/>
      </StartVirtualEnvironment>
    
      <TerminateVirtualEnvironment>
        <Path>[{AppVPackageRoot}]\VFS\ProgramFilesX86\App\UnDoSomething.exe</Path>
        <Arguments>-WithArgs</Arguments>
      <Wait RollbackOnError="false"/>
      </TerminateVirtualEnvironment>
      <PublishPackage>
        <Path>\\server\share\foobar.exe</Path>
        <Arguments>-WithArgs</Arguments>
        <Wait RollbackOnError="true" Timeout="30"/>
      </PublishPackage>
      <UnpublishPackage>
        <Path>\\server\share\barfoo.exe</Path>
        <Arguments>-WithArgs</Arguments>
        <Wait RollbackOnError="false" Timeout="30"/>
      </UnpublishPackage>
    </UserScripts>
    
    -->
</UserConfiguration>