<reporting><ISSUE CODE="12" SEVERITY="WRN" MODULE="3731881984"><DESCRIPTION SHORT="Files excluded from package." FULL="One or more files were excluded from the package because they are located in excluded paths. Missing files can cause unexpected application failures."/><RESOLUTION SHORT="Verify package functionality." FULL="To add an excluded file to the package, do the following:&#xA;1) Remove the path from the exclusion list using the sequencer options page.&#xA;2) Add the file using the Virtual File System Tab in the sequencer and resave the package."/><MOREINFO DESCRIPTION="The following files were excluded:"><ITEM DESCRIPTION="C:\Users\AppPackager\AppData\Local"/><ITEM DESCRIPTION="C:\Users\AppPackager\AppData\Local\Microsoft"/><ITEM DESCRIPTION="C:\Users\AppPackager\AppData\Local\Microsoft\Windows"/><ITEM DESCRIPTION="C:\Users\AppPackager\AppData\Local\Microsoft\Windows\Caches"/><ITEM DESCRIPTION="C:\Users\AppPackager\AppData\Local\Microsoft\Windows\Caches\cversions.3.db"/><ITEM DESCRIPTION="C:\Users\AppPackager\AppData\Local\Microsoft\Windows\Caches\{3DA71D5A-20CC-432F-A115-DFE92379E91F}.3.ver0x0000000000000012.db"/><ITEM DESCRIPTION="C:\Users\AppPackager\AppData\Local\Microsoft\Windows\Caches\{3DA71D5A-20CC-432F-A115-DFE92379E91F}.3.ver0x0000000000000013.db"/></MOREINFO></ISSUE><ISSUE CODE="196616" SEVERITY="WRN" MODULE="2878341120"><DESCRIPTION SHORT="Package previously created or updated on this computer." FULL="A package was previously created or updated on this computer.  Creating or updating a package without returning the computer running the sequencer to a clean state can prevent the virtual application package from functioning correctly."/><RESOLUTION SHORT="Revert to clean state." FULL="After you create or update a virtual application package you should revert this computer to a clean state by restoring a saved image to the computer or by restarting a virtual machine after applying a saved image."/><MOREINFO DESCRIPTION=""/></ISSUE></reporting>
